,0,1,2,3,4,5,6,7,8,9,10,11,12,13,14,15,16,17,18,19,20,21,22,23,24,25,26,27,28,29,30,31,32,33,34,35,36,37,38,39,40,41,42,43,44,45,46,47,48,49,50,51,52,53,54,55,56,57,58,59,60,61,62,63,64,65,66,67,68,69,70,71,72,73,74,75,76,77,78,79,80,81,82,83,84,85,86,87,88,89,90,91,92,93,94,95,96,97,98,99,100,101,102,103,104,105,106,107,108,109,110,111,112,113,114,115,116,117,118,119,120,121,122,123,124,125,126,127,128,129,130,131,132,133,134,135,136,137,138,139,140,141,142,143,144,145,146,147,148,149,150,151,152,153,154,155,156,157,158,159,160,161,162,163,164,165,166,167,168,169,170,171,172,173,174,175,176,177,178,179,180,181,182,183,184,185,186,187,188,189,190,191,192,193,194,195,196,197,198,199,200,201,202,203,204,205,206,207,208,209,210,211,212,213,214,215,216,217,218,219,220,221,222,223,224,225,226,227,228,229,230,231,232,233,234,235,236,237,238,239,240,241,242,243,244,245,246,247,248,249,250,251,252,253,254
0,0.0,0.0,0.0,0.0,0.0,0.0,0.0,0.0,0.0,0.0,0.0,0.0,0.0,0.0,0.0,0.0,0.029656193,-0.107394162,0.012774288,-0.106894234,0.124249927,0.156074146,-0.00868161,0.012220112,-0.018557461,0.090690893,0.119314123,0.056281451,0.048446629,-0.161150909,0.085224255,-0.121733597,-0.246672333,0.975176416,0.077670655,0.183003253,0.059164133,0.33279902,0.335080727,0.183790476,0.200537097,0.2507889,0.246851019,0.069567766,0.106372141,0.113943352,-0.013467575,0.155008392,0.104927985,0.064893955,0.06168255,0.077804717,0.074976103,0.083927681,0.10452941,0.110057813,0.053408603,0.110652962,0.038486671,0.072765682,0.130440751,0.085673907,0.083337206,0.09196543,0.066611298,0.095159786,0.098551396,0.068227169,0.088080342,0.110138279,0.098364562,0.097706153,0.084475375,0.055281448,0.090317612,-0.0201721,0.047398873,0.033867345,0.048515386,0.028600251,0.088121535,0.068015192,0.070666305,0.020726209,-0.002591264,0.038847002,0.091181998,0.053993714,0.042990618,0.047022339,0.028945478,0.04478355,0.078377195,0.00237158,0.006380097,-0.045757475,0.018061339,0.049140574,0.073078779,0.039298474,-0.045941475,-0.017848024,-0.011339909,-0.084557853,-0.14589207,0.027022247,0.099740249,-0.030827624,0.0,0.100900496,0.04096532,0.095198349,0.008897537,0.092301781,0.04507835,0.042542812,-0.011791524,0.02009076,0.041483621,-0.001682824,0.075424768,0.054596351,-0.03650221,-0.028411531,0.033152431,0.093266735,0.00428104,0.060584754,0.012132514,-0.007340363,0.087343664,0.042770941,0.033891791,0.012383257,0.073873972,0.006670322,0.000837615,-0.017946403,-0.032825943,-0.074365882,0.068102728,0.027403413,0.020302267,0.067537927,0.014219244,0.020031166,-0.012253612,-0.053192707,0.042165096,0.054040714,0.025030131,0.059121475,0.008744431,0.056270224,0.052564884,0.034170851,0.046565303,0.020312457,0.015872668,0.004407105,0.017803942,0.028081293,0.007570911,0.062884936,0.052112697,0.018756936,0.034176576,-0.012409241,0.028893173,0.022639946,-0.015515369,0.015266101,0.005314859,0.018910521,0.01494035,0.012583427,0.010619976,0.02965891,-0.005509095,-0.02233314,0.071573505,0.016303654,0.033152531,0.021816137,0.000832759,0.008651614,0.000675199,-0.015451771,0.054066367,0.022252129,-0.002198964,0.014550137,0.0382324,0.06293997,0.059198628,0.014233472,0.001096405,0.052508614,0.029433884,0.037035018,-0.017720354,0.016905812,0.035191735,0.074394385,-0.005169113,0.035768603,0.040687089,0.027280468,0.013642043,-0.007330039,0.012930914,0.047613661,0.041475779,0.010416071,0.035059078,0.033180746,-0.04384015,0.008311207,0.010005923,0.009070243,0.000598889,0.044668823,0.028435314,0.021088208,-0.052353628,0.026945099,-0.006124935,0.026655065,0.035809973,0.003698159,0.06300574,-0.033989635,0.066657811,-0.005280985,0.028790535,0.038049573,0.050868121,0.038240942,0.06314753,0.001502101,-0.010508457,-0.077668881,0.062112293,0.044140552,0.082427437,0.06411752,0.026509932,0.016521719,-0.002851349,0.053446263,0.042730541,0.039249338,0.004093587,0.040140183,0.041566828
1,-0.021551677,0.103174761,-0.020435774,0.011161596,0.01914205,0.049328571,0.012088955,-0.046505858,0.024509865,-0.041076394,0.014322972,0.059409316,-0.042478486,-0.002138119,0.031297077,0.00808198,-0.035281353,0.002221626,0.005672541,-0.092165867,0.032404161,0.034818984,0.054795046,-0.025385063,-0.040505015,0.042494438,-0.035422494,0.009044354,-0.079623017,-0.114015887,0.006169696,-0.068117858,0.006083922,0.109732621,-0.051894464,0.00659445,-0.048875547,-0.011987839,0.160147569,0.050891434,0.019206986,0.096435873,0.017132482,-0.004170827,0.05810847,-0.029901052,0.03436221,0.032144018,-0.002415793,-0.011786236,0.028394242,-0.01543675,0.025548272,-0.024253719,-0.005003459,0.016009943,0.023895838,0.047359447,0.042361602,0.010493359,0.034726248,0.015429243,-0.003102108,0.010481582,0.014343865,0.03815977,0.011680607,0.031772153,0.005697857,0.059436042,0.027025896,0.054093624,-0.005093801,0.009254578,0.033856997,-0.038140682,-0.00541201,0.010469473,0.005041371,0.029763609,0.022229446,0.0303095,0.037722583,0.01864789,-0.011451383,0.019310335,0.044733887,-0.005594502,-0.022797271,-0.032707927,0.000232714,-0.003122104,0.009538547,-0.051938937,0.006698427,-0.042221199,-0.060027065,-0.00306235,0.066941828,-0.027781059,-0.044894845,0.061283886,-0.004289454,-0.001370419,-0.050798589,-0.074443419,-0.083825707,0.03692612,0.002595043,0.095351138,0.123413192,0.038858234,0.028143537,0.01748063,0.038196739,0.036559536,-0.007436886,-0.019257814,0.002486436,-0.03198483,0.020910837,0.066741812,-0.030026062,-0.034458821,-0.029614889,0.075959383,-0.016790786,-0.015217072,-0.002744573,-0.028560172,0.020324455,0.062198868,0.019237495,-0.030688017,0.015431943,-0.018546318,-0.036019394,-0.045558125,-0.0743791,0.038426505,0.048258344,-0.047670326,0.024327604,0.056276278,0.028084319,0.044620476,-0.054940461,-0.049186624,-0.001449594,0.013026568,0.073536264,0.060265207,0.059224594,0.029531338,0.028466843,0.104078469,-0.011902695,0.015842181,0.044848306,0.065699812,-0.043416616,0.054492748,0.011423868,0.030383792,0.026585635,-0.002947232,0.022155493,0.019387703,0.021967664,0.030782424,0.006052793,-0.003634556,-0.003304804,0.007905791,0.038697884,0.028062161,0.003003359,0.02254708,0.005687157,-0.091539702,0.102363136,0.071543981,-0.005459229,0.021008007,0.03255923,0.063010082,-0.023830537,-0.026328297,0.042995472,-0.016014044,0.012313873,-0.059724206,-0.10111989,0.040308783,0.063998375,0.002762304,-0.086547787,0.080024402,0.102641439,0.033234616,0.073301545,0.024321995,0.068308805,0.043105157,0.035724957,0.023547083,0.037961511,-0.009663125,0.051858119,0.063361963,0.006829647,0.068270859,0.040482532,0.05347225,0.045757491,0.03946246,0.015098665,-0.015211842,0.049378375,-0.021849698,0.027893179,0.058730709,-0.01340476,0.03797597,-0.017071243,-0.015925915,0.000804995,0.088497699,0.049506593,0.009840645,0.108028236,-0.043846821,0.05175587,0.050678956,0.020570125,0.063734472,0.03685338,0.067057269,0.034472232,0.003928678,-0.015973584,-0.08857902,0.095717169,0.054945837,0.100828218,0.043014141,0.0569066,0.014813989,0.019570765,0.177759,0.036543569,0.053189294,0.086488897,-0.087958825,0.03033384
2,-0.023212091,0.031812263,0.024777909,-0.005573066,0.010484862,-0.031124448,0.030081867,-0.009413631,-0.058496656,0.046532325,-0.001426275,0.001943165,0.032467907,0.006530876,-0.004756832,-0.006404932,-0.023481096,-0.015672143,0.040220534,-0.093640539,0.020521667,0.080328679,0.002932452,-0.010333633,0.024612506,0.090215098,0.005085473,0.025628035,-0.015239967,0.007872623,0.013121677,-0.008557793,0.017905962,0.027449401,-0.010069522,0.005462896,-0.031157994,0.079078701,0.013952392,0.037875331,-0.026664569,0.035701565,0.044252156,0.022507341,0.054620951,0.01888536,0.040393792,0.05516861,-0.015193626,0.039152125,0.060202131,0.014816267,0.021319347,0.018044503,0.025787597,0.036406894,-0.09017663,0.018765334,0.020302797,0.032071469,0.026474896,-0.021283731,-0.034427895,0.016186761,0.005328834,0.029283558,0.032238997,0.013818016,-0.018564425,0.040811016,0.034762106,0.052742501,0.014082436,0.022919461,0.068801565,-0.034913215,0.031193482,-0.008748636,0.021098415,0.029474979,0.029657173,0.032954223,0.036151849,0.051049186,-0.016294592,-0.030056098,0.064337195,-0.001418265,-0.008233317,-0.022276382,-0.043163524,-0.065273354,0.013563983,0.001955647,0.001959429,-0.015742215,0.017259005,-0.014429715,0.037074013,0.045812072,-0.067482378,-0.048185069,0.082276952,-0.067946336,-0.052437399,-0.027882775,0.009707478,0.001932778,-0.025235803,-0.008408674,0.08252663,0.032031476,0.012531775,0.050934117,0.041365992,-0.007303777,0.031753077,0.010147529,0.027602929,0.012201397,-0.006562596,0.013558202,0.008931253,-0.037084861,-0.013949343,0.007199844,-0.014873651,0.031917491,0.034762106,0.03385247,0.030149792,-0.033552933,0.005010733,0.001087096,0.007571951,0.008959235,-0.011828509,-0.027123974,-0.040011341,0.002064394,0.031944151,-0.012269022,0.018379096,0.023709625,0.011557676,-0.009775171,0.009148195,-0.006648065,-0.000697296,0.014489332,0.022810414,0.009012357,-0.025263185,0.010779327,0.014470494,0.026073926,0.029333955,0.0153196,-0.010579232,0.024460596,-0.007169458,0.02671203,-0.037996345,0.034791754,0.047486209,-0.00647488,0.008430039,-0.010272865,0.023219478,0.021369345,0.007166228,0.0061959,0.022621619,-0.0066284,0.009728143,-0.00238433,0.027340335,0.012832087,0.003608387,-0.029558845,0.033761492,0.032605903,-0.038266086,0.007386375,-0.033893082,0.032054852,-0.035533295,-0.012368128,0.031881338,0.033848058,-0.003686401,0.028012689,0.000601433,-0.001207045,0.011954911,0.014762682,-0.012791391,0.008205538,0.06074846,-0.00264629,-0.005872396,-0.016098603,0.007187464,0.015092826,0.014220453,-0.001806654,0.02201423,0.001150941,-0.005020784,0.01811014,-0.025131888,0.020379485,-0.005257288,-0.022550425,0.002334122,0.012893356,-0.011806001,-0.004907353,0.003285471,0.002249687,0.001123138,0.016840686,9.85117e-05,0.014947052,-0.061420378,-0.004551088,-0.00665126,0.007676858,0.012496145,0.011219352,0.021351949,0.015608675,0.01462475,0.004274119,-0.008030321,0.025810983,0.022248999,0.031190063,0.005957071,-0.027271118,-0.025699158,-0.050018298,0.00819926,0.034011498,0.007296156,0.026695896,0.015627425,0.021364399,-0.018566586,0.021149603,0.006473888,-0.006007838,-0.006750798,0.050791696,-0.00014461
3,0.0,0.031526194,-0.023945693,0.010882135,0.775934672,-0.007960814,-0.017803318,-0.016659913,-0.020921899,0.008610202,-0.003532921,0.020341895,0.012450309,-0.020338575,0.020384041,0.024480278,0.014167845,-0.005711593,0.019073881,-0.020891939,0.012333735,0.005190832,0.00171998,0.031508451,0.01418874,-0.015018048,0.049448173,0.007143162,-0.008600172,-0.002909857,0.0248642,0.021584292,-0.02789694,0.0,0.002810977,-0.035054541,-0.010800064,-0.031643281,0.008352074,-0.007524058,0.044911737,-0.006149405,0.015239967,-0.015266756,0.032962292,-0.007286991,0.036683016,0.01070734,-0.003990483,-0.001340416,-0.000672803,0.017188935,0.034911889,0.005365408,0.030358576,-0.014074287,-0.005477401,0.003760149,-0.002313159,0.001159666,0.019279944,-0.007845533,-0.009734101,-0.003200845,0.00175119,0.016314792,0.016827741,0.014651004,0.001570687,0.003906723,0.027167979,0.009656751,0.014571853,0.028433445,0.017016652,-0.02293625,-0.01025589,0.023944419,-0.009735527,0.004141359,0.012837225,0.018184347,0.022114314,-0.001931059,-0.01457633,0.016137855,0.005380708,0.010947594,0.01683239,-0.027813246,-0.016405159,-0.005614227,0.024733798,-0.019530921,0.001994925,-0.012120633,-0.004120472,-0.028028724,0.030125436,-0.017281342,-0.043420389,-0.027267471,0.030622667,0.006347042,-0.071172391,0.003567684,0.019792706,-0.022565828,-0.065430926,-0.058773342,0.091419116,-0.016148902,-0.021018351,0.031507248,0.027990679,0.009607427,-0.00790675,0.018982472,0.017422355,0.022552509,0.006944891,0.020919416,0.008378932,-0.01574299,0.007127531,0.01824744,0.004953127,0.015409936,0.004737022,-0.003011465,0.001725104,-0.032648921,-0.00373589,-0.000704833,0.018208697,-0.009826603,-0.023288325,-0.01239509,-0.044221646,-0.039109996,0.05291602,0.024763336,0.023939625,-0.017091638,-0.002028232,0.008315727,0.005956132,0.010001045,0.014248226,0.010170213,-0.022770178,-0.003634285,0.019294565,-0.000233304,0.015376893,0.02200544,0.044466867,0.017868464,0.011405254,0.015703401,-0.006716939,0.024605629,-0.011964792,0.023298489,-0.010658068,-0.002708002,-0.001361426,0.022924112,0.012450309,-0.003795752,0.006625762,0.024962825,0.00353806,0.003803209,0.009798699,0.001423451,0.021094485,0.031370635,0.017799419,-0.027770292,0.037379063,-0.016445186,0.000246548,-0.009726209,-0.026802353,0.046562485,-0.033616926,-0.021124055,0.048218089,0.021084071,-0.007791303,0.01980232,-0.007121624,0.002772102,0.00115045,0.003663022,0.011701906,0.008142572,0.009066119,-0.011917034,-0.013618162,-0.02378374,0.012993189,-0.020502888,0.011093077,-0.004550135,0.026626386,0.015802362,-0.015130641,0.001808621,0.008051004,0.0316301,0.02445682,0.002139865,0.002902402,-0.002127477,-0.016203948,0.004010135,0.008698041,-0.004527017,0.011331763,0.013673715,0.006681585,0.010197739,0.005723898,0.00301164,-0.033586271,0.024675082,0.015942452,0.009125254,0.015239967,0.002134937,0.017033339,-0.017531763,0.005060433,0.017345445,0.017435289,0.006401029,0.013534145,0.020984491,-0.024301552,-0.00144765,0.033353909,0.027969931,0.010213303,0.027897874,0.003451365,0.020265901,-0.026274231,-0.003619628,0.00315512,-0.0157727,-0.02078479,0.026552583,0.021297205
4,0.0,0.0,0.0,0.0,0.0,0.0,0.0,0.0,0.0,0.0,0.0,0.0,0.0,0.0,0.0,0.0,0.0,-0.036690901,0.011095279,-0.089670582,0.007366051,0.046932699,0.015176273,0.019554044,-0.004184924,0.040856919,-0.016224853,0.015533843,-0.048005953,-0.067317794,-0.006313307,-0.088010152,0.008927064,0.114731735,-0.059126077,-0.029960348,-0.006779393,0.026852552,0.078423381,-0.050334348,0.066877607,0.066061543,-0.003171921,-0.009741822,0.032841627,0.009688437,-0.049539086,0.127123915,0.015735305,0.019623712,0.001905872,-0.003687663,0.025565841,-0.000368515,0.012949014,-0.005939969,-0.005105645,0.016215365,0.028109329,0.041992513,0.022799482,-0.014269976,-0.000941078,0.027720107,0.018153334,0.015493375,0.014095723,0.030576293,-0.024512426,0.032989524,0.026217872,0.039165146,0.033804539,0.006292689,0.005434023,-0.031986358,-0.003723607,0.015854329,0.021168934,0.015543867,0.025008974,0.006074577,0.021083666,0.046828734,-0.003595835,0.006084603,0.033572511,0.020653812,-0.005223291,-0.009355443,0.009389173,-0.003051726,0.01504045,-0.031315046,0.002128961,-0.0603975,0.014414747,-0.006639659,-0.005534269,-0.014485366,-0.066339832,-0.038381315,0.032333873,0.014962736,-0.084688181,-0.079428738,0.058038608,-0.100828771,-0.070244748,0.029594526,0.170332208,-0.009622345,0.049868516,0.047219737,0.048537302,0.004605507,-0.028835462,0.049578575,0.055432002,-0.037442797,-0.007273794,0.050324507,0.018098239,-0.036602791,0.003291268,-0.013515204,-0.049966249,0.021516356,-0.004927229,0.03025121,0.045655061,-0.022407771,0.020537047,0.013060105,0.043329123,-0.03882671,-0.022669777,-0.061185315,-0.018359072,-0.010571583,0.070125124,-0.033676741,0.003906738,0.027780389,0.059888883,0.007061863,-0.010254905,-0.03125186,0.015195529,0.051058447,0.014326994,0.017758968,0.033369077,0.006893708,0.029893695,0.031784057,0.035527241,0.005488337,-0.012700462,0.019622407,-0.048616981,0.013851112,-0.018182434,0.034923464,0.008760805,-0.005252311,0.01354699,0.001978585,0.041119055,0.017246987,0.048098683,-0.005493972,0.002514426,-0.023198812,0.006896081,-0.014109669,-0.002858273,0.026671431,0.006438653,-0.037732387,0.064493454,0.00089758,0.023608781,-0.002336484,-0.025068286,-0.004174406,-0.032310785,-0.052211249,0.046840799,0.001978566,-0.030825783,-0.060187217,-0.025055203,0.069176949,0.040651164,-0.027025619,-0.032597692,0.066852613,0.062885248,0.011313648,0.011237746,0.016436948,0.006524767,0.002057296,0.041848875,0.022971938,-0.013643873,0.021039954,-0.01744389,0.030714567,-0.003836549,0.009698806,0.005819129,-0.012335342,0.01733379,0.023883399,-0.004835068,-0.016937531,0.033078733,-0.032504387,-0.00941258,0.028898623,-0.021889756,0.020651805,-0.007384559,-0.008259729,-0.033919932,0.072068329,0.034476488,0.008089632,0.035128456,-0.028919986,0.005500935,0.020714923,-0.010821251,0.030677437,0.024221502,0.014386464,0.02616722,-0.030729149,-0.031740398,-0.092068528,0.066440912,0.007718065,0.029993074,0.026007201,0.009104652,0.000931852,-0.017733225,0.094388692,0.017870211,0.005707936,0.025955715,0.052994009,0.013793246
5,-0.050733682,0.031856712,-0.02363481,0.011214657,0.002971368,0.005551256,0.004528188,-0.00954753,0.027986158,0.036577207,0.012532878,0.031822789,0.023368541,-0.019390868,0.017726893,0.015137238,0.006169166,-0.004289706,0.001617593,-0.040621346,0.01446639,0.044726055,0.027168504,-0.001703087,0.006428742,0.021416831,0.02302916,0.011411282,-0.009969482,-0.076598214,0.006299558,-0.054237374,0.036473035,0.008629767,-0.026914506,-0.018294396,-0.00681191,0.002727588,0.037599178,-0.106134105,-0.003977402,0.039362916,0.01991769,-0.038387225,0.032191845,-0.016631878,0.067106694,-0.032311418,0.000200909,0.01212215,-0.006680793,-0.002267872,0.023409565,-0.042546064,0.005674808,0.010351419,0.023878004,0.03051432,0.024278013,0.065719454,0.00257914,0.010384727,-0.002842104,0.033332273,-0.024805642,0.00788152,0.009074881,0.035086498,-0.005923929,0.007524027,0.039439133,0.006410895,0.03025243,0.026451334,-0.001332567,-0.01899851,0.009051888,0.004071285,-0.011582705,0.038680735,0.050201394,0.023074421,0.026703581,0.052823632,-0.031344881,0.036355971,0.01104073,0.012661387,-0.027716756,0.01031169,0.020177305,0.034060098,0.029915717,-0.005290901,0.020316358,0.004057578,0.004681428,-0.016882462,0.035052184,0.011827696,-0.004938215,0.035506132,0.012096277,-0.044662224,-0.159242596,0.02242313,-0.005839109,0.041321201,0.029878757,0.004187716,-0.024949084,0.024645663,-0.004884583,-0.003758363,-0.003412568,0.040576889,-0.146090868,-0.006213807,-0.021304977,0.021956684,0.054803746,0.012705764,-0.002155448,-0.040458786,-0.015762382,0.055648974,0.02345585,0.004051796,0.016855743,-0.040757196,-0.00815354,0.002810354,0.030493832,-0.002643473,-0.009655728,0.002835221,-0.042832862,0.016650914,-0.095978505,0.024606414,0.036144297,-0.013187865,0.006143545,-0.039492947,-0.014539158,0.006844304,-0.046736623,-0.062362183,0.071003947,0.061825461,0.011240584,0.057093064,-0.008205181,-0.01416597,0.054183366,0.045393708,0.047198674,0.030136318,0.02933781,0.050064484,0.004784743,0.006945272,-0.026959127,0.057519823,0.0461717,0.023398821,0.006358328,0.037963994,0.013900717,-0.008446276,0.013818208,0.024978198,0.006025322,0.024679998,0.021948465,0.045087174,-0.033227868,0.034932426,-0.001238506,-0.007571223,0.036130115,0.018547088,0.043477921,-6.71972e-05,-0.020444983,0.053645838,-0.020535069,-0.012462343,0.059120023,0.052394989,0.00422653,-0.015610779,-0.009105283,0.03263954,-0.005463379,0.03443207,-0.024411355,0.057291806,0.011281196,0.000654696,0.005332452,-0.009743835,-0.010274028,0.013853824,0.012332718,0.012750003,0.033666994,0.029329846,0.016438758,0.047228602,0.025413205,0.021377415,0.020125353,-0.01150184,0.012041251,-0.00566623,-0.029794844,-0.027280804,0.037110052,0.035146584,0.001320527,0.065597479,0.010713431,0.032424093,-0.023098387,0.009793439,-0.101692029,0.013815026,0.026788918,0.048403878,0.009205053,-0.007400174,0.030019732,0.016733132,0.011957856,-0.014431391,0.023372374,-0.018035573,0.018333748,0.051125118,-0.014299072,0.023061397,0.021333588,0.049818996,0.02658407,0.05653225,-0.005544223,0.007084356,-0.009592902,0.011903431,0.000152742,0.001679477,0.003648268,-0.035040172,0.041886453
6,0.015149582,0.021137906,0.020845389,0.020775202,0.028997051,0.036526041,0.034699658,0.01267363,0.01267363,0.028735462,0.027695875,0.016509745,0.011643981,0.004111005,0.004184569,0.019145533,0.024556196,-0.002341227,-0.009759825,0.003792976,0.005154917,0.013643867,0.031147854,0.032815418,0.018257826,0.008797623,0.022097355,0.00864583,-0.028458713,-0.024520477,0.018600717,0.013701277,0.006219106,-0.009309224,0.004469608,0.00153192,-0.001587932,0.007368054,0.030917902,0.010465418,0.026426096,0.007191777,0.062695912,0.013765295,-0.000737983,0.024526122,0.026812358,0.045466908,0.017188922,-0.002680852,0.020329507,0.010790467,0.024059438,0.004002729,-0.024662435,-0.00528255,0.011260852,0.029565684,0.022468518,0.035516759,0.02915524,0.019376905,-0.00585728,0.035092733,0.012764421,0.045962287,0.01061596,0.044613114,0.017304857,0.018192982,0.014608943,-0.009167495,0.024013082,0.012811975,0.001437586,-0.005638376,0.035941853,0.032702761,0.031928235,0.023273597,-0.001020649,0.00829226,0.020537845,0.03286252,0.007477643,0.027707642,0.015199528,0.006651618,-0.000930992,0.008488129,0.062561315,0.006273019,0.017830361,0.015054321,-0.010723857,-0.023623054,0.02367437,0.005947815,0.009496783,0.0221649,-0.036870266,0.008758556,0.032652325,0.005440113,-0.020729494,-0.000592634,-0.01376872,-0.00451608,-0.009412323,0.01306075,-0.001392703,0.02708709,0.035594242,0.042064714,0.009988814,0.011762654,0.044528136,0.006079301,0.033437606,0.011326267,0.033342519,0.012648259,-0.001230894,0.00458256,0.006707375,0.00253726,0.01769435,0.006266985,0.02104835,0.013339059,0.009624656,-0.022382731,0.021581655,0.008748707,0.016903951,0.0165735,-0.012292174,-0.008557804,0.005781335,0.010440046,0.015636325,0.010745092,0.032122805,-0.002053406,0.028814769,0.019548506,-0.001559415,0.003564689,0.019636911,0.033828949,0.002200814,0.007013841,0.005918919,0.018654702,-0.000364217,0.037603271,0.017590641,0.02708084,-0.008099721,-0.013146128,-0.003491132,0.012293831,-0.00459951,0.022547525,0.022101944,0.011298255,0.000665625,0.01001492,0.01189919,0.006244253,0.015616726,0.020895767,-0.00346306,-0.000963277,0.029636789,0.0,0.007152894,0.019277952,0.008415622,-0.009149801,0.029900716,0.0,0.002988962,0.005998638,-0.02742513,0.041689418,-0.005447631,0.017852285,0.019683933,0.010070214,-0.00463558,0.009635128,-0.024685882,0.016948726,0.003966199,0.017506955,0.016190418,0.020309835,0.008966432,-0.004234299,-0.022412581,-0.01467033,0.034960329,0.001504312,0.01760691,0.020836232,0.004556597,0.038433925,0.009470126,-0.003968604,0.003484028,0.004034973,0.020129466,0.007015369,0.002859792,-0.012666295,-0.023250267,0.007764801,0.013522662,-0.00924315,0.020348661,0.026631731,0.009059364,0.00771149,0.022512784,0.005234361,-0.022999595,0.040188534,0.024314977,0.026489014,0.018412157,0.011045724,0.010922643,0.023814485,0.02537631,-0.006844442,-0.00800791,-0.001668449,0.007778621,0.010746312,-0.027781517,0.007043953,0.014958485,0.012557148,0.007866037,0.017879451,0.005880364,0.007128268,-0.021530158,-0.003931059,0.017336702,-0.013758442,-0.018087031,0.049465444,0.018497284
7,0.029668038,0.038988781,0.033775897,0.022605017,0.024051246,0.007006488,0.016673949,0.010162364,0.019918973,0.021214267,0.014527169,-0.005385492,0.01407539,-0.011983706,0.005232827,0.012793773,-0.013596668,-0.026761133,0.013638781,0.025293293,-0.007168813,-0.016366722,0.024815168,-0.001616907,0.051430185,0.016944611,0.019144335,0.003123133,-0.004750041,-0.027660866,0.012165276,-0.011178364,-0.006278116,0.000253657,-0.030085256,0.00595779,0.00818926,0.012153987,0.038887177,-0.011085106,0.030901532,0.003973371,-0.002679818,0.006251082,0.00802785,0.040227831,0.021257738,0.012689049,0.003360289,-0.008155049,0.040375422,-0.003599779,0.001426937,0.024427625,0.018411373,0.005876682,0.000230016,-0.010753283,0.03005502,0.006387671,0.018126851,-0.010152397,0.024947248,0.030864258,0.008841088,0.019711936,-0.005464015,0.041494965,0.031354133,0.00400016,0.008461053,0.014341139,0.009523133,0.018554676,-0.001333276,-0.015589096,-0.001439381,0.031111284,0.009255114,0.023726853,0.021406765,-0.027230357,0.009577302,0.015013645,-0.016144963,0.018985064,0.011754813,-0.002946902,0.008146472,-0.01675679,-0.002843475,0.011168618,-0.010584849,0.027017905,-0.007747549,-0.048710928,-0.015901785,0.004987807,0.024853737,0.025997419,0.020805706,0.054232944,0.001627606,-0.013645171,0.007366527,-0.005869371,-0.021454243,-0.030422265,-0.04139977,0.015717563,0.014770563,0.002369342,0.027174764,0.057109024,0.011406138,0.033962945,0.025218346,0.025104197,0.017770392,0.008331808,0.030344188,-0.012542917,-0.006030799,-0.01157259,0.010278335,-0.007822737,0.033243183,0.033067915,0.014169202,-0.021230205,0.022973585,-0.010369271,0.005716181,-0.009891884,0.02310321,0.03950533,-0.019529813,-0.016419561,-0.003486642,0.044432796,-0.000505394,0.006492975,0.048030018,-0.023507146,0.005517368,0.015938421,0.010737196,0.013385716,0.030443456,0.044086803,0.000627661,0.01874582,-0.002847961,0.018812665,0.009408715,0.041738557,0.019403902,0.032971576,0.017527234,0.006859315,-0.00494742,0.004135848,0.015515697,0.017736798,0.01302325,0.014365396,0.00417528,0.01059996,0.016764285,0.015810263,0.014063678,0.028678147,0.00616167,0.002086301,0.021243606,0.04530935,0.00136991,0.025496812,-8.82262e-05,-0.005118462,0.03930029,-0.000761649,0.007392502,0.004438613,-0.014910832,0.04260278,-0.020462668,-0.019793388,0.007711034,-0.003779644,-9.38667e-05,-0.037952851,-0.033349486,-0.005071931,0.028384751,0.039329896,0.013098325,0.006985299,-0.009812889,0.000746609,-0.029042121,0.006108882,0.030222198,-0.003098584,0.041112243,-0.016723009,0.019322784,0.021793787,0.008969628,0.020124891,-0.001975164,0.016721664,0.002284352,0.016458542,-0.003510525,0.015388404,-0.020931994,-0.00430003,0.003246584,-0.015257491,0.020381206,0.050228121,-0.009241532,0.027349949,0.025183371,0.018788607,-0.028929415,0.018415689,0.027933226,0.027744784,-0.002662221,0.020078498,0.02043529,0.015762622,-0.007017768,-0.007315135,0.002783437,0.034192458,0.003987884,0.001288052,-0.04523869,-0.002170131,0.018387029,0.009358204,0.002059893,-0.032956732,0.020335907,0.015884873,-0.04288678,0.067113983,0.012535712,-0.011285175,-0.007379753,0.019689015,-0.009967751
8,0.005688487,0.05762426,0.012075914,0.016873284,0.035503841,0.031087163,0.048676941,0.035876425,-0.003891192,-0.005311077,-0.029622481,0.024217813,-0.016033648,-0.007848294,0.059563857,0.025897528,0.033857869,-0.034840204,0.012766908,-0.109402986,0.049342314,0.002785875,0.016505759,0.061294813,0.04103865,0.056780799,-0.005863104,0.068264832,-0.069772064,-0.073718306,0.039391034,-0.087854289,0.097965096,0.066954545,-0.011634337,-0.028615355,0.014055479,-0.044686323,0.072955505,0.048652016,0.056024662,0.08656918,0.058927063,0.016000178,0.084262068,0.049544663,-0.011536292,0.047378448,0.051869722,0.023587416,0.010538314,0.006093201,0.026004045,0.02501034,0.010888476,0.0491796,0.01166845,0.02849525,0.057576614,0.010044481,0.012589146,0.027445054,-0.007289168,0.048944519,0.072185317,0.037972525,0.034681068,0.046468458,-0.006158425,0.038856985,0.054096543,0.018702146,0.003812488,0.050418346,0.022536357,-0.042501831,0.004678316,0.007900465,0.035507573,0.022952951,0.020590149,0.031383486,0.051573633,-0.0006191,-0.003854653,0.013960248,0.04290516,0.020653601,-0.002060238,0.025194896,0.0,0.022226161,0.038436789,-0.018867498,0.008466048,-0.093429552,0.00610722,-0.027199758,0.066378066,0.022646086,-0.047323178,0.056175824,0.019324032,-0.10899647,-0.112653372,-0.044973882,0.004304264,-0.054658131,-0.015191499,0.090063934,0.089075238,0.07285736,0.007762396,0.085243281,0.05726063,0.022213962,0.008816921,0.066634893,0.045163862,0.028124723,0.012405782,0.064190037,0.000217976,-0.006192238,0.007502972,0.041446117,-0.002086144,0.089943689,0.025229781,0.051232772,0.015268185,-0.021853329,0.023503828,0.007431051,0.030991098,0.005502416,0.003564689,-0.024799952,-0.029343865,-0.048421862,0.099619272,-0.000352879,-0.00635211,0.049291386,0.036263172,0.016021669,0.00388807,0.001966026,-0.020450788,0.037610618,0.031529,-0.008766201,0.037527173,0.080215755,0.005817245,0.026619122,0.008732757,0.000875312,0.009352586,0.063922093,-0.006705367,0.040411095,-0.005855725,0.015616746,0.016408392,0.000235814,-0.011105387,-0.0184404,0.022641832,-0.011175425,0.029685412,0.028781177,-0.001397922,-0.02625523,0.009528788,-0.043228098,0.01975653,0.05550647,-0.005105091,-0.059549319,0.0460448,-0.025316314,0.034286445,-0.007686855,-0.023075117,0.045815347,-0.056488699,0.025701897,0.055075283,-0.036753309,-0.02287834,-0.030683706,-0.009759844,0.005155911,0.008593365,-0.030432745,-0.006079455,0.024238945,-0.009853518,0.02685653,0.03887543,0.025573876,0.013072304,0.062300381,-0.009864143,0.035402305,0.026655528,-0.007196201,-0.004375816,0.022512976,0.023945594,0.018803564,0.021779774,-0.031157997,0.023235276,0.009934456,-0.025622643,0.018096067,0.047516496,-0.015210137,-0.026146649,0.019813702,-0.001517645,-0.024793408,-0.030159621,-0.049155895,-0.006296203,0.042791368,0.054531954,-0.016545429,0.017121938,0.001415782,0.056466784,0.018492281,-0.04098122,-0.015039492,0.03120422,-0.0025018,0.005169515,-0.026357864,-0.027280995,-0.084118627,0.022434859,0.016312712,0.041910338,-0.022030346,0.032117591,0.021203399,-0.023520854,0.125783461,0.03148439,0.020383055,0.029227133,0.020381174,0.018475345
9,0.006894197,0.004428914,0.00128644,-0.002596596,-0.033223659,-0.00276094,0.000557137,-0.00848811,0.036396198,0.0228083,-0.015249021,-0.036419374,-0.017439123,-0.058426024,0.00209635,0.039920831,-0.016452516,0.010022625,-0.038242606,-0.009260361,-0.00665963,0.020774566,0.006461461,-0.014086461,0.026158972,0.041808079,-0.024085866,0.014039024,-0.044888032,-0.024022408,0.013300988,-0.029890572,0.025019192,0.00831211,-0.03526458,-0.006886421,-0.056890826,0.0024225,0.033464021,0.066000215,0.033775408,0.036583382,-0.024598561,0.01308518,0.00793254,0.026911806,0.03345857,0.012964977,0.01518077,-0.021398145,0.044517408,-0.009759837,-0.02384961,0.012185414,-0.009622225,0.02512074,-0.019428545,-0.005037448,0.041392665,-0.011175432,-0.010853544,0.023311737,0.052667357,0.042885168,0.01581411,0.036169065,-0.002500263,0.018756555,0.032288775,0.013391435,0.001543565,0.012431063,-0.015618262,0.002693335,-0.005431601,0.0,0.029794433,0.037032031,0.017377991,-0.019060536,0.005016162,-0.000401005,0.006004167,0.031199446,-0.02953685,-0.002818784,0.027901861,-0.004612009,-0.01260056,-0.003627515,-0.007381966,0.00434196,-0.026639111,0.039863748,-0.040058433,0.002669845,0.021952986,-0.037807926,-0.03173563,0.019524903,0.012693278,0.026021718,-0.016718917,-0.025376297,0.008182789,-0.014569957,-0.017033339,0.00507951,-0.086734368,0.07310709,-0.031023861,0.006309492,0.009212176,0.0601698,0.002069312,0.000518863,-0.004720647,0.0015889,0.037189741,0.003910402,0.004624067,-0.018398725,0.000255408,-0.027566704,-0.024354024,-0.038615781,0.011156802,-0.008968061,0.035363632,-0.017602674,0.00063446,0.02361555,-0.00768139,-0.025393324,0.032446706,0.032140133,-0.02489218,0.005866875,0.001541693,0.021174537,-0.004181712,0.003911243,0.043580563,-0.006639009,0.007509593,0.00166186,0.026181614,-0.036257997,0.035958326,0.027678013,0.003764495,0.007228008,0.010802703,0.010360886,0.006180555,0.041608364,0.029934334,0.014587758,0.023813432,0.014216244,-0.005691544,-0.01128101,0.009649294,0.023411833,0.014592126,0.004317937,-0.004335178,0.001920512,0.038633109,-0.008760804,-0.009984221,0.010847496,0.003296369,0.001973341,0.006538241,0.025916843,0.002456259,0.010172691,-0.028792372,-0.034089658,0.019213601,0.017013931,0.003723684,0.012441191,-0.021347157,0.029119338,-0.022597071,-0.010022625,0.020380688,0.013122664,0.00299568,-0.018524546,-0.009857453,-0.034041713,0.012352166,0.033556934,-0.006396681,-0.013135266,-0.011967739,0.003982715,-0.023229841,0.000383308,0.013078168,0.002617355,0.023145979,0.021045021,0.009274719,0.01075246,-0.035172307,0.003025209,-0.000712824,0.008336718,-0.028617114,0.034019082,-0.001231538,-0.02936344,-0.017752519,0.001588648,0.005441738,-0.017741119,0.021184376,0.044162183,-0.002248604,-0.003728659,0.015053334,0.025899633,-0.025467451,0.036989081,0.023076656,-0.004900152,-0.005782122,-0.007365261,0.020312563,-0.011253865,0.008017991,0.032351501,0.010890307,0.017834499,0.00950842,0.015402595,-0.018664466,0.007462135,0.03001412,-0.002278399,-0.004408459,-0.015187849,0.000826187,0.000620544,-0.027683242,0.007765914,0.015669371,-0.001200205,-0.011790848,0.012256799,-0.00988306
10,0.10344088,0.019671922,-0.062721801,0.076295558,-0.021038319,0.010041938,0.000620864,-0.07732131,-0.076216767,-0.036096345,0.046723663,-0.012358807,0.0,-0.012774288,-0.071455346,-0.010545688,-0.074141021,-0.071212316,-0.001587916,-0.1581071,0.125515872,0.030194785,-0.000814048,0.067297168,0.023924706,0.111731103,0.020203386,0.055636025,-0.020535733,-0.05460206,-0.021345548,-0.041392685,0.081393448,0.015309293,-0.030728133,0.029334873,0.016354105,-0.023323429,0.038746487,0.054654302,-0.005709118,0.080823193,0.019394354,0.01607491,0.040414609,0.0034468,0.010192516,-0.00848811,-0.023512886,-0.009169119,-0.013828199,0.026667423,-0.022879163,0.003798518,0.002517656,-0.003787476,0.047468436,-0.000570315,0.020372188,0.023897534,0.009972463,0.002019978,-0.029207271,0.037495872,0.00247321,0.041639514,0.003578142,0.010789112,-0.021189299,0.050083395,0.017598132,0.034671562,0.005045802,-0.001077209,0.007137293,-0.00498785,-0.018686154,-0.008705105,-0.003843339,0.049259419,0.021222177,-0.013703387,0.026368916,0.002234523,0.004753362,0.022733472,0.026997924,0.014676314,-0.040521701,0.002685443,-0.004488099,-0.03541469,0.057746791,-0.032691483,-0.017973371,0.015506514,0.004333694,0.005817214,0.011413652,0.029250681,-0.029566969,0.006197988,-0.019798619,-0.033841665,-0.059751864,-0.043305037,0.02897731,0.048907419,-0.064246018,0.052471945,0.03257422,0.014937087,0.005193419,-0.027662929,0.01622456,0.027966464,-0.005960076,-0.02807087,0.021076802,0.006703686,0.021038319,0.005107638,-0.015207943,0.014619989,0.003878987,0.00059411,0.002369962,0.033828702,-0.003296369,0.018632835,-0.019750209,-0.008954843,0.02260164,0.005076401,0.021518243,-0.006630579,-0.024596763,-0.016369472,-0.010017121,-0.032786833,0.036274702,0.00854938,0.004774058,0.026559029,0.011422629,0.015611106,-0.000495205,-0.000247956,0.006160309,0.042415235,-0.006490479,0.001576388,0.009124637,0.023167865,-0.011006102,0.02963425,0.041082846,-0.009776419,-0.015193311,-0.016554062,-0.02737272,0.014116077,0.005154279,0.008326687,-0.00648818,-0.017090568,0.002121619,0.000423289,0.026079874,0.000199355,0.003376649,0.009979722,-0.023663918,-0.028956645,0.011011785,-0.011893298,0.028028724,-0.004341947,-0.009245128,-0.067442843,0.042542418,-0.015594085,-0.009208002,-0.003114953,-0.024498179,0.034271987,-0.03378189,-0.001275462,0.04488752,0.019174774,-0.012543673,0.016289347,0.007817512,0.003217805,0.01677831,0.002258213,0.021189299,-0.015902719,0.003429986,0.00300551,-0.034928611,0.00815399,0.006334013,0.004381581,0.009043847,0.000610107,0.020452845,0.012810848,0.003379741,-0.03566744,0.001217649,0.035229743,0.025778488,-0.005500841,0.019219706,-0.006372867,-0.016811215,-0.01059753,0.012763561,0.023272906,0.01573339,-0.009139881,-0.005409733,0.005411839,-0.033363231,-0.004564836,-0.029438871,0.035109802,0.026563641,-0.01124058,0.0354895,-0.025451301,-0.008130825,-0.004566017,-0.005152255,0.00797218,0.016370903,0.005881424,0.008269376,0.022513963,-0.065755025,-0.029032426,-0.010990415,0.013893912,0.011597084,0.014216222,-0.009553394,0.023862378,-0.032320066,0.053296568,0.013546989,0.006460431,-0.018511298,0.014326842,0.00322897
11,0.042181596,0.042917796,0.043680173,0.0832935,0.027075278,0.061551742,0.013679715,0.042603125,0.034837531,0.015738849,0.092843035,0.076941437,0.072116593,0.022597082,0.087003345,0.062482131,0.022597082,-0.003783591,0.042552402,0.005480075,0.116258925,0.092364039,0.114119467,0.064940863,0.075546961,0.077471855,0.126775117,0.094048529,0.049522922,0.021250275,0.107920099,0.014043077,0.112704255,0.093904533,0.075546961,0.063170292,0.076363611,0.119436321,0.114161624,0.078001808,0.090688519,0.086662439,0.089400438,0.074246014,0.074101761,0.06694679,0.060088304,0.086900222,0.073707758,0.048098692,0.037141795,0.058287974,0.083106958,0.026775486,0.051073253,0.061452507,0.047923541,-0.002251056,0.045969782,0.08930299,0.066241184,0.069551265,0.0183964,-0.013095299,0.043079926,0.061501416,0.086251945,0.036748682,-0.003768268,0.064335758,0.066614908,0.083377357,0.035773292,0.037199661,0.054158048,-0.006294246,0.016267626,0.037426517,0.055786044,0.026139436,0.029102382,0.042656252,0.056092193,0.059768205,0.001063128,0.017159529,0.071900405,0.023282788,0.022642254,-0.023214176,0.033737771,-0.020020561,0.015836395,-0.024228227,0.01805924,-0.091918042,0.077838745,0.016339037,-0.021189299,0.011818252,-0.031257695,-0.056232044,0.032494796,-0.027748171,-0.119415409,0.0,0.05661544,0.037141808,-0.029963223,0.058800337,0.12216366,0.050166613,0.064314002,0.047685913,0.042395577,0.037252678,0.017482222,0.053821093,0.046804526,0.020723558,-0.018928338,0.090852811,0.047546547,-0.014006894,0.04275198,0.022964658,-0.027587266,0.021860509,0.04625272,0.024568174,0.024163957,0.017108822,-0.00455902,0.05922783,0.01115681,0.005225283,-0.018251247,-0.027572668,0.008189924,-0.037071313,0.045282762,0.010043412,0.031543457,0.045757481,0.029648395,0.009891201,0.006599305,-0.02593572,0.032806465,0.013780623,0.019251671,0.03121036,0.019427083,0.033714092,0.028715358,0.049218049,0.017137911,0.007599413,-0.000193445,0.034563338,0.025597135,0.034117566,0.004626588,0.025095033,0.045571998,0.026465705,0.036259811,-0.01751941,0.044509777,0.055255363,0.000366236,0.006162077,0.01672682,-0.003178082,-0.001249779,-0.012664033,0.023143555,0.037981838,-0.090712498,0.039797318,0.037132582,0.021888951,-0.025234748,0.008557135,0.01732842,0.034163273,-0.031651347,-0.018645715,0.04140605,0.039229719,0.024047995,0.011674979,0.024185864,0.007248978,0.037411621,0.028918387,-0.017131661,0.053835702,0.018943025,0.009104253,0.008483303,0.021383049,0.001690033,0.030621824,0.042738753,0.03107437,0.028256782,-0.003466067,-0.001407774,0.038470341,0.01263609,0.028974088,0.014348266,0.016005945,0.011369624,0.021243169,-0.012381739,-0.013425514,-0.011558161,0.040455594,0.023486912,0.014096623,0.011639063,0.000608247,-0.040719874,-0.015518326,0.006673483,0.025252832,0.016390416,0.014971653,0.054190668,-0.017437018,0.051706856,-0.060697856,-0.002741941,0.014825824,0.0678017,0.01407413,0.021541709,-0.018019048,-0.002778297,-0.027485339,0.002044384,0.015588984,0.047388025,0.043596803,0.035715564,0.021035791,0.000770356,0.013697671,0.02003238,0.002876117,-0.002164257,0.052602594,0.005454814
12,0.03114876,0.036223168,-0.018592203,0.050614802,0.004031909,0.054354521,0.026436876,0.006152891,-0.019592477,-0.073687044,0.007606643,-0.008670378,-0.023813467,-0.010654159,0.029503405,0.018283684,-0.042013133,-0.034278008,-0.078311774,-0.058918937,0.037632536,0.073813249,0.00438685,-0.041465928,0.028282326,0.082107513,-0.035879571,-0.028819492,-0.038402694,-0.021148018,-0.046048866,-0.00295105,0.043560549,0.04811336,-0.061518038,-0.000953446,-0.000964028,0.001943155,0.011581873,0.022468518,0.017139493,0.014901575,0.036628895,-0.031690043,0.057882924,0.021006246,0.00367115,0.059094684,-0.013121677,0.006650888,0.022641474,0.008164851,-0.027111875,0.00267259,-0.017086959,0.036969248,-0.018539775,-0.006584486,0.029053401,0.000523278,-0.010112714,0.010968267,-0.030267086,0.037358086,0.040428657,0.013613857,-0.023559901,0.013105247,0.003658779,0.028821837,0.013572807,0.028588015,0.014090949,0.013909889,0.008877553,-0.049170942,0.021115703,0.027632289,0.042116504,0.004335771,0.008755863,0.016127187,0.027464548,0.041650176,0.005135299,0.034452409,0.036090106,0.004977642,-0.001242617,0.022494735,-0.004478842,0.024857023,-0.012723252,-0.065967104,0.033385577,-0.070524766,0.029485852,-0.063780595,0.024732355,0.019406661,-0.056553973,-0.016094877,0.027583522,-0.104735351,-0.051152522,-0.097516994,0.011469189,-0.04715944,0.007018399,0.024359346,0.069800879,0.045757482,-0.004215273,0.05190368,0.069652489,0.031350644,-0.004669889,0.023643301,0.017735664,0.029231603,0.030254119,0.052818872,-0.023150149,-0.018769589,0.005848701,0.023653157,0.006965984,0.054898401,0.008630189,0.031157975,0.015701645,-0.040703856,0.020114495,0.012585988,0.021337315,-0.000204675,0.000512684,0.005511709,-0.064783438,-0.084227934,0.091076598,-0.020270347,-0.001480145,0.043919769,0.025509217,0.00663539,0.004274695,-0.04846989,0.001164329,0.018488277,0.003458727,-0.016578978,0.012807906,0.066106711,0.013970585,0.035501907,0.029149181,0.016027445,-0.014831987,0.016435809,-0.027661056,0.027712988,-0.010407555,0.036569203,-0.000373908,0.010733005,-0.002570884,-0.036950769,0.036646652,-0.024387851,0.008938815,-0.027848929,0.006537011,-0.04050794,0.010507988,-0.039030069,0.002389653,0.021343939,-0.030484339,-0.082052059,0.074627378,-0.021986481,0.009715218,-0.050686771,-0.009555697,0.059171466,-0.049599042,-0.009872092,0.031296222,-0.028006224,-0.012950358,-0.000996111,0.000125002,-0.017128598,-0.005924982,-0.047148568,-0.013596416,-0.045244433,0.0,0.037285822,0.036504036,0.003208342,0.026577585,0.044172582,-0.018586371,0.032417604,0.046691339,-0.024855708,-0.023977863,0.03632038,-0.000113444,0.023253539,-0.011833162,-0.036333216,0.045708901,0.031785396,-0.027056788,0.023939389,0.056219241,0.000636207,-0.005587336,-0.023927857,-0.030704603,-0.024130692,-0.05778482,-0.058028468,-0.014303923,-0.000760719,0.016933393,-0.011052098,0.036521738,-0.0907586,0.047227483,0.017273164,-0.032300347,-0.003591949,0.014723267,0.012589127,-0.014240439,-0.044682509,-0.037119355,-0.057626977,0.00157679,-0.000565414,-0.004114372,0.006644558,0.002279766,0.053482802,-0.042520995,0.065190826,0.034222951,0.028818043,0.025049739,0.002723834,0.013728181
13,-0.013474457,0.044934481,-2.89276e-05,0.027223895,0.003101571,0.115663738,0.024288267,0.009920153,0.0094022,-0.007551286,-0.005763059,0.003185421,0.007902579,-0.061031503,-0.006597308,0.014835733,-0.020854684,-0.03030752,-0.051278443,-0.144161694,-0.026209499,0.076652754,-0.028822394,-0.057247045,-0.097738343,0.046841984,-0.011246746,-0.007431338,-0.175727475,-0.163830066,-0.016521278,-0.23634122,0.034618264,0.245885347,-0.061004406,-0.102025427,-0.029071458,-0.187520721,0.238199788,0.209495804,0.007983579,0.072489365,-0.007529329,0.061452479,0.102215175,0.017921316,-0.01319,0.027908603,-0.017540312,-0.069635928,-0.040946339,-0.046855581,0.046517532,-0.066010473,-0.034274135,0.035988581,0.018397098,-0.006617409,0.046195058,0.035472318,-0.000489614,0.008537375,-0.03831885,0.005833095,0.013821413,0.033528936,-0.013671984,0.022126676,0.039176775,0.025504068,0.055052511,-0.006842331,0.020832578,0.051630042,0.021417335,-0.004599808,0.008804861,-0.001905639,0.021681852,-0.006264857,0.002969546,0.003696146,0.016308342,0.012313751,-0.001743457,-0.006711476,0.013363962,0.023334783,-0.006320751,-0.032805696,-0.017440909,0.024020704,0.026583483,-0.001363563,-0.049272827,-0.034441381,0.005405363,0.023022392,0.052728911,-0.023422633,-0.029591873,-0.001599613,-0.128167707,-0.094473968,-0.186815108,-0.141556264,-0.005661528,-0.052981139,-0.034122547,0.143097758,0.061512728,0.004888003,0.025996308,0.062241472,0.052741453,0.013674011,0.006381599,0.003533742,0.032792506,0.013384073,0.004189848,0.013050524,-0.017728767,-0.022101944,-0.074633618,0.026576894,-0.01053377,0.028054598,0.036055493,-0.029314744,0.086829073,0.050360738,0.011169441,-0.002282771,0.019705657,-0.042141157,-0.010577924,-0.066735325,-0.021021434,-0.037106525,0.03706341,-0.054895168,-0.036614101,0.029488324,0.062115881,0.016903955,-0.059159737,-0.071820545,0.063990078,0.026778416,0.068183857,0.017825805,0.023996047,0.028215568,-0.005686418,0.055459613,0.054056564,-0.035829275,0.022120938,0.040580675,-0.015824551,0.037076461,0.023287359,-0.005294818,0.025036186,0.019652551,-0.003270678,0.026079245,0.0511029,-0.001797484,0.000401932,0.000201775,-0.008182898,0.003307333,0.042350917,-0.004166829,-0.013196743,0.003940993,0.030435883,-0.058783324,0.043778918,0.028353883,-0.031585307,0.007380859,-0.020599666,0.029732172,-0.00153191,-0.015694372,0.037838754,0.042884722,0.020989227,-0.017541328,-0.025238704,0.022124449,-0.02203414,0.028917218,-0.059371807,-0.002736326,0.047526513,0.011371905,0.019493561,0.029896669,0.014712873,0.017631968,0.025325098,0.011160814,0.002151276,0.000403456,0.002017788,0.039110334,-0.010995369,-0.001398293,0.008472434,-0.020047889,0.020359253,0.006888738,-0.006908662,-0.002164172,0.011618938,-0.014615532,0.012774288,0.014525437,-0.004306681,0.026226783,0.010638217,0.014306914,-0.013885047,0.035009739,0.02750989,0.004182656,0.039746011,-0.020839709,0.026940888,-0.001170959,-0.010242849,0.008085275,0.015324892,0.003164892,-0.007972181,0.000537166,-0.043135496,-0.123353732,0.017495953,-0.004481923,0.018451137,-0.021754257,0.041047571,-0.018659898,-0.052122158,0.120890802,0.008078159,-0.004776598,0.047007531,0.012613889,-0.017881033
14,-0.020241752,0.035546232,-0.015087396,0.072000201,0.012997564,0.025522072,0.011202284,-0.032443507,0.03374829,0.039771214,0.004724349,-0.010225598,-0.02942223,0.000129725,-0.006933939,0.010745556,0.016266646,0.00568245,-0.034079728,-0.01608682,0.026652195,-0.002608383,0.005232527,-0.02977639,-0.002120238,0.007073356,0.026702633,-0.007412498,-0.037850741,-0.066446162,-0.064599246,-0.102896797,0.097705192,0.038856937,-0.083785412,-0.03554956,-0.04863334,-0.035818948,0.132520511,-0.019778654,-0.04215478,0.069494706,0.000505277,-0.005656955,0.005983192,-0.014624091,0.022413272,0.044967146,0.004297626,-0.015154181,-0.005061764,-0.034847976,0.02499631,-0.031374673,-0.012242887,0.007007365,0.015947497,0.021331913,0.033091847,0.006458056,0.025978826,0.007157468,-0.030549958,-0.003357958,0.014001679,0.022834239,-0.001073642,0.027416018,0.015489504,0.052468331,0.00045168,-0.0006848,-0.002779522,-0.006388534,0.001923798,-0.019095658,0.004085079,0.020343632,0.030657548,0.012896201,0.032250207,0.005554273,0.009750289,0.003373195,0.006733374,0.032485754,0.016273407,0.012852128,-0.014127732,-0.027898215,-0.005516285,0.012749286,0.024659101,-0.108195006,-0.013290342,0.005162174,0.024975472,0.01866847,0.003279624,-0.023241044,-0.069990303,-0.009494975,0.021956937,-0.042561864,-0.096910038,0.024730715,0.015826238,-0.202326587,-0.313986196,0.139148088,0.192518172,0.115907033,0.029497343,0.069460969,0.086537784,-0.009549364,-0.037219731,0.066159585,0.0282202,-0.021851342,0.025660436,0.040489916,-0.031306097,0.008074509,-0.014519233,0.040479447,-0.047630937,0.020534693,0.050682206,0.000562455,0.044894921,0.039144547,0.031246309,-0.026839111,0.0,0.001714895,-0.022759094,-0.018234199,-0.010555946,0.012958787,0.065059917,0.007023292,0.00796556,0.027466622,0.040399078,0.038988703,0.001912352,0.000776204,0.034519069,0.020287661,-0.00361312,0.01164986,0.034396671,0.022704665,0.000989671,0.018664589,0.05032035,0.018679123,-0.013016794,-0.0139131,0.00403421,0.026734217,-0.007836169,0.026328944,0.033401926,0.010629667,0.01289281,-0.014436961,0.02613083,0.003992929,-0.022572976,0.021230217,0.001378276,-0.002516064,-0.006870968,0.010973461,0.014492006,0.03218469,0.010775808,0.002358145,0.028408784,0.035821037,-0.049348658,0.01199931,-0.003398059,0.027031491,-0.015158799,0.008127666,0.046335484,0.032883719,0.00489476,-0.010634463,-0.02354543,0.005160015,-0.014059335,0.026055488,-0.017821011,-0.012627269,0.014092222,0.028938078,0.025546944,0.012711947,0.017916336,-0.015743751,-0.006242016,0.005588173,-0.011628056,0.013486964,0.001737672,0.031880263,-0.026196562,0.009259289,0.034415185,-0.003050992,0.000238049,0.007395485,0.02644145,0.008020186,-0.007369559,-0.041216536,0.007771885,0.030106779,-0.012862355,0.021822478,0.006542447,0.006231032,-0.000674141,0.028570508,0.020886163,-0.002404101,0.007955803,-0.009316673,0.023558893,-0.007491097,-0.00182168,0.043584253,0.000841677,0.024752822,0.005629798,0.005210807,-0.07133868,-0.084814004,-0.023658214,-0.022989413,0.056686122,-0.001811804,0.011387993,-0.020862065,-0.01005629,0.108010032,0.006933726,-0.019856877,0.041463841,0.041747875,-0.034793602
15,-0.031543925,0.07003477,-0.020223114,-0.01012166,-0.020260324,-0.004630834,-0.052114667,-0.065977986,0.03363308,-0.0404238,0.007815727,0.030910355,-0.062612589,0.001134898,0.064246655,-0.012217596,-0.008522045,0.046283597,0.004573509,-0.012777108,-0.001434105,-0.00434057,-0.016839068,0.061269657,0.003072334,-0.061575203,0.051939186,-0.031250977,-0.014790118,-0.000502947,-0.03354483,0.012916773,0.031272459,-0.00649331,-0.031370635,0.021732507,-0.016908977,0.014344975,0.00520743,-0.028963696,-0.006160309,-0.003406249,0.003415177,0.003397367,0.005059799,0.001119316,0.022388456,0.017259005,0.0,-0.005704248,-0.013282212,-0.012620943,0.02705074,0.003143279,0.003647366,0.015831417,-0.000754639,0.01682947,0.001699785,0.002422173,0.007678334,-0.016518784,-0.026608218,0.00786312,0.001040227,0.008763509,-0.002565244,0.002058272,0.002565244,-0.012219807,0.004208823,-0.022621813,0.002762697,0.031157982,-0.008059572,-0.022401015,0.012589127,0.004840484,0.008232059,0.004720639,0.01968014,0.005475418,0.022462269,0.003991921,-0.00518426,-0.01720443,-0.011802889,0.005829544,-0.011766059,-0.006546619,0.014564533,0.019305155,-0.013479187,0.002786384,0.012964977,-0.012487763,-0.030780335,-0.067265772,0.037681868,-0.005924983,-0.027470761,-0.000959767,0.019779748,-0.02698349,0.028603242,-0.005900409,-0.008550003,0.033625662,-0.015452637,-0.040496563,-0.027779005,0.024438831,0.025820552,0.02320603,0.019723362,0.006788295,0.00175828,0.023125971,0.007187724,-0.008101281,-0.020230133,0.019269225,-0.02086127,0.004146889,-0.00047321,0.027702205,0.006427529,0.002748361,0.017020682,-0.001166468,0.00328732,0.00672523,-0.005575359,0.000318268,-0.012510969,-0.003856503,-0.006596432,-0.005684564,-0.019717361,0.011993555,-0.01810569,-0.012076632,0.016033861,0.010159392,-0.002283545,0.006595791,-0.03193687,0.019769801,0.034857085,0.012608688,-0.007857701,-0.005026077,0.011257373,0.004812507,0.005102854,0.011672073,0.025051305,0.013864864,-0.00039664,-0.02834698,0.005707523,0.000946284,0.009476655,0.014220453,0.028585507,0.001032588,0.008098732,0.025833939,0.019870072,0.018796486,-0.005645505,-0.000406833,-0.014090942,-0.008094001,0.024296673,0.00848811,0.019601453,0.015835407,-0.049440605,0.014737136,0.006404459,0.014869191,-0.005038725,-0.009076907,-0.015868261,0.031234627,-0.030876566,-0.030439348,0.021649373,-0.001709823,-0.002582532,0.004732329,-0.015092991,0.029488509,-0.030171468,-0.010777535,0.009183587,-0.004167235,-0.005692747,-0.006720341,-0.007607718,-0.016860321,0.022070976,-0.019617584,0.008129021,0.020100459,-0.026305398,0.030404309,-0.000656513,0.010225727,0.01082041,0.012069447,0.00764989,0.013599373,0.000419001,-0.007704817,0.003919503,-0.033009201,0.004024656,-0.034549263,0.00453113,0.022114291,-0.030411093,0.013367009,0.01630354,0.017472109,-0.007879799,0.006711988,-0.011957635,0.023733833,-0.010217027,0.005375784,0.010312008,-0.00590035,0.011218568,-0.000705183,0.011083783,0.012426262,-0.0033758,0.015017441,-0.012502144,0.006391776,-0.014804047,-0.000868068,-0.002532331,-0.008059949,0.013407404,-0.009147078,-0.019398298,0.013508196,-0.001726091,0.00840158,-0.025763347,0.046519578,-0.009282199
16,0.036373984,0.045623665,-0.002481088,0.045258759,0.032611364,0.013832663,0.033908467,-0.031777602,0.046028013,-0.005324562,0.053283024,0.050003995,-0.02837652,-0.017836761,0.035175469,0.016581598,-0.007458593,-0.026457909,0.027815386,-0.021298729,0.013649953,0.043549606,0.021513348,-0.023451622,0.018854735,0.032386497,-0.01476036,0.032164291,-0.028626653,-0.047516336,0.048015652,-0.049496237,0.074209396,0.038872691,-0.03446375,-0.043027667,-0.001143367,0.020095484,0.064255555,0.051500643,0.043298896,0.039855953,-0.016081582,0.003235496,0.0558786,0.017294255,0.01806002,0.037941722,0.024166948,0.013118818,0.000235728,-0.001206039,0.001725829,-0.003285349,0.006701433,0.025434344,0.002017642,0.038432026,0.024595907,0.014187901,0.028689231,0.009125073,-0.016998264,0.013984844,0.025718641,0.033669893,-0.005468204,0.038794713,0.005990364,0.052452351,0.020616845,0.052756754,0.007230562,0.018272456,0.01748265,-0.022118772,-0.005794984,0.006206626,0.023706353,0.037261061,0.002932452,-0.007469989,0.01796098,0.027359376,-0.026523386,0.005752311,0.045970955,0.009617797,-0.030199212,-0.031311236,-0.02380753,0.00418263,0.00246062,-0.027577681,-0.03040502,-0.064363384,-0.10063528,-0.062929713,0.099086917,-0.131805196,-0.050792241,-0.001276754,0.095383497,-0.098131663,0.044636755,-0.083223436,0.020677461,0.024404987,-0.091059243,0.026785797,0.215988953,0.027574583,-0.050534827,0.10385102,0.126274366,0.009957555,-0.016501975,-0.019620124,0.04896263,-0.038201094,0.055610643,0.093817114,0.019211605,-0.009405498,-0.002097321,0.121374918,0.009713904,0.013217529,0.026328939,-0.017832777,0.039050709,0.071805057,0.063780618,-0.024838249,0.048024062,0.001330941,-0.000283205,-0.038643499,-0.016073287,-0.005323809,0.070057238,0.039416061,0.040694026,0.090203293,0.040261218,0.0357646,-0.012096015,0.025313798,0.045539197,0.010249313,0.060555539,0.072930129,0.125769128,0.048763001,0.024090205,0.075236076,0.001466717,0.022040813,0.088168793,0.037579715,0.001894712,0.082385327,0.019469509,0.036212173,0.001486438,0.018483457,0.016745931,0.0530881,0.045578544,0.009376196,0.027777032,0.014240439,-0.018550133,0.011229959,0.049999691,0.032465536,0.027924739,0.044649568,0.017898215,-0.019317424,0.065954017,0.065644911,0.036993824,0.053899651,0.013569353,0.072479695,-0.025677963,-0.023925098,0.065521996,0.021871489,0.017478541,-0.041556866,-0.013655555,0.033502266,0.059039703,-0.006733383,-0.057819162,0.062147907,0.061232639,0.000328389,0.058701579,0.094766668,0.021775107,0.028663723,0.014268513,0.044465018,0.053489912,-0.016599262,0.052223533,0.042841024,-0.000549392,0.048536256,0.03820732,0.026616604,0.049973999,0.047548373,0.004105122,-0.007053513,0.026013432,-0.02610524,0.04395071,0.056492474,-0.005134604,0.040035885,-0.012457009,0.013233242,-0.009132287,0.058330051,0.030085371,0.014420011,0.090482329,-0.04002321,0.04120553,0.019821441,0.015009967,0.078798101,0.051852659,0.056560992,0.041144081,0.028994896,-0.01608682,-0.02581465,0.108940511,0.042490348,0.069142721,0.033326309,0.054252248,0.013489155,0.058662717,0.125950685,0.020684599,0.05018382,0.074585494,0.048121431,0.009140062
17,-0.034809356,0.074439318,-0.057621483,0.054567011,-0.012219489,0.048446629,-0.000967249,-0.04976123,0.037516361,0.032256072,0.019082953,-0.014018009,-0.071882007,-0.146671924,0.035172898,-0.009984221,0.009293899,-0.029305853,-0.083914332,-0.153388164,-0.060979467,0.051379743,-0.030869966,-0.064652092,-0.004841509,0.074933988,-0.013266517,-0.014330185,-0.081096509,-0.26643709,-0.034274054,-0.029584326,0.124851245,0.06356178,-0.090124024,0.01582456,-0.059052784,0.003792989,0.098431186,0.046368743,0.012272874,0.026249347,0.026102803,-0.035369087,0.018152262,-0.009034684,0.031622004,0.013884119,0.058588915,-0.015483557,0.013446724,-0.014613156,0.003306827,-0.036236166,-0.007913083,0.005524669,-0.016248883,0.014859872,0.036291881,0.020464961,0.036812326,-0.006571036,-0.017824051,0.017075201,0.029079019,0.017807788,-0.01216916,-0.000393733,0.000790693,0.08869854,0.019834245,0.001553828,0.045757491,-0.003882382,-0.005008394,-0.038084033,-0.010407555,0.014791025,0.008205538,0.041110079,0.001769023,0.007027572,0.023812239,0.009848369,0.019729589,0.003418436,0.004016982,0.027198978,0.006344388,-0.028775675,-0.009012517,0.00563214,0.000623091,-0.023741355,0.005586915,-0.034762106,0.031904895,-0.019682337,0.007595169,-0.014664068,-0.066472021,0.027063827,0.018843531,0.027083577,-0.116943918,0.00834316,-0.015965054,-0.031889144,-0.097950232,0.035929193,0.07772386,-0.03124554,-0.013405215,0.042552364,0.046650092,0.026890895,-0.017323567,-0.035625761,0.024498627,0.001337785,0.058039847,0.02022632,-0.049663336,-0.004379466,0.006761711,0.008475182,-0.029297722,0.009340043,0.021432729,-0.031141508,0.037234665,0.029074034,0.021116872,-0.019165599,-0.022803315,-0.025690069,-0.028653873,-0.051588909,-0.012015401,0.023834934,0.030450585,-0.005820855,0.028287661,0.019081902,0.015131045,0.029247751,-0.036743966,-0.046413016,0.033610926,0.010499489,0.024923785,0.010700681,-0.006945851,0.014944941,0.014329652,0.033437018,-0.007220198,0.014541929,-0.005981207,-0.00745299,-0.014297612,0.008983912,-0.029888208,0.004310163,0.034199914,0.005182573,0.01123239,0.009673606,0.011760499,0.004665544,-0.030433822,0.029420963,-0.000649451,-0.002617186,0.02136962,0.013630885,0.010582012,0.01905749,0.014017601,-0.007472246,0.000570306,0.035003963,-0.0544723,0.016680121,-0.021291001,0.016084009,-0.042920471,-0.043992791,0.040197638,0.017334847,-0.018910376,-0.056884589,-0.024437378,0.023578357,-0.01510743,0.051310565,-0.000181383,-0.010136763,0.035064526,-0.000694305,0.016932693,0.014245881,0.023713475,0.006326671,-0.008068601,-0.014219473,0.014429716,0.016003388,-0.007099508,0.025326463,-0.010321235,0.014196336,0.0146495,-0.009109873,0.000586084,0.01487503,0.009997178,0.003338595,0.007169485,-0.034830689,0.004303645,0.016856644,-0.012328438,0.022999124,0.005582268,0.00180463,-0.027834194,0.028205253,0.02617267,0.001318042,-0.005446195,0.001205065,0.021074329,0.009631678,0.008341315,0.036508841,0.005099407,0.008721951,0.006390059,0.005014506,-0.032477335,-0.032284041,-0.046971205,0.004513674,0.034751293,0.003892716,-0.001557559,-0.016345257,-0.021869069,0.08546602,0.006560825,-0.019432347,0.019485846,0.036947675,-0.030974259
18,0.0,0.0,0.0,0.0,0.0,0.0,0.0,0.0,0.034515887,0.032956293,-0.087739053,0.046262223,-0.004412334,-0.000328886,0.032679037,0.031502244,-0.018145506,0.02465634,0.024213528,-0.048529019,-0.024903318,-0.016224879,0.031780728,0.014508054,0.072749474,0.099692231,0.034086301,-0.015812639,0.042607059,0.019056807,0.046791089,0.001858602,0.001918822,0.010958115,0.066874888,0.059791573,0.051464119,-0.059528247,-0.066080254,0.076252752,0.022086288,0.02172291,0.028864076,-0.019912572,0.013793097,0.034155559,0.043655512,0.020585242,0.030793523,0.029586029,0.031559566,0.039892454,-0.020938067,0.084568844,0.038059066,0.035725552,0.027000694,-0.014174823,-0.04442608,0.055169342,0.039968346,0.038073734,-0.039067787,0.037469017,0.03512737,0.037964591,0.063443692,-0.011005245,-0.038103365,-0.010775591,0.034951886,0.008488107,0.008462285,0.042560958,0.039505666,0.00250493,0.022220795,0.00836907,-0.018987914,-0.041762815,0.007717598,0.007704031,-0.007615699,-0.014037985,0.033977974,0.034855533,0.000468383,0.000475192,0.049887047,0.016390419,0.016011572,0.048448626,0.068911414,-0.022978355,0.039131653,-0.015026106,0.05007174,0.003175397,0.052331135,0.054000867,-0.00218814,-0.002216899,-0.027755945,-0.055883114,-0.167139983,-0.089003124,-0.078450335,-0.019558759,0.010546766,0.057137032,0.051534989,0.121567961,0.029435364,0.003516053,0.009476361,0.010268971,0.043819085,0.012282077,0.012096888,-0.031426489,0.044571846,0.027282715,0.017434799,-0.061129038,0.015549731,0.024438694,0.008332452,0.008278803,0.013322291,0.019429569,0.041197852,0.008611502,0.026690175,0.046110321,0.032480939,-0.032966363,-0.036034637,0.005847937,-0.027888105,-0.044818802,0.076162585,0.036876833,-0.002322783,0.022154293,0.021280568,-0.012671036,-0.031991522,-0.034920365,-0.002903968,0.03360668,0.031527222,-0.015183103,-0.024238487,0.018307199,0.018898989,0.030778564,-0.02045849,0.028520335,-0.012684727,-0.002307693,0.025899049,0.041037229,0.014855448,-0.019296836,-0.020398958,-0.012283877,0.015739297,0.015347365,0.026622715,-4.27262e-05,-0.003642285,0.017119611,-0.005456952,-0.005582327,-0.005441959,-0.017736366,-0.049002292,-0.08005573,-0.087431737,-0.034845183,0.00909741,0.057560788,0.051721887,0.012197403,0.00124326,-0.093727829,0.028075822,-0.028966812,0.023952612,-0.037537486,-0.042148816,-0.030187098,0.014789834,0.068440804,0.089827547,0.020811635,0.020280434,-0.056043213,0.041781521,0.04292587,-0.003507614,0.032644393,0.044931887,0.00933125,0.009305929,-0.020207288,-0.002370526,-8.98875e-05,-0.011909412,0.046845692,-0.017482245,0.048314551,0.03192443,0.030274101,0.029901587,0.037172994,-0.014481316,0.029753112,0.013705493,0.013487465,0.050304096,-0.007032654,-0.007249975,0.027219172,-0.043858181,-0.10130482,-0.041210064,0.083220779,0.034996191,0.029272568,0.033687505,-0.070365903,0.046773798,0.008308177,-0.019120093,0.004313434,0.00435024,0.015954635,-0.00650231,-0.006728187,-0.052917015,-0.138650187,-0.213469804,0.298711174,0.056367682,0.022123167,0.035450643,-0.014755649,-0.03974589,0.083394658,0.071498181,0.040794079,0.079605146,-0.009727209,0.038696139
19,0.0,0.0,0.0,0.0,0.0,0.0,0.0,0.0,-0.001196514,-0.001204256,0.004655197,-0.00874121,0.003595956,-0.013103625,0.007873631,0.007762834,0.010230658,0.004646609,0.004614264,0.029178859,-0.018107726,-0.007233177,0.009133461,0.006827197,0.023456709,0.01001759,0.010386554,0.025473505,-0.016313448,-0.013120808,0.01441654,0.005267605,0.005220943,-0.000274106,0.035311847,0.03274743,-0.020704758,-0.016864254,0.005412658,0.032652354,-0.005107638,-0.005182937,0.027066504,0.012227997,0.000112972,0.014806282,0.02130426,-0.013291969,0.014425457,0.013994874,-0.042004355,0.008908917,-0.000442248,-0.000665932,0.016229543,0.01568288,0.011086339,0.023529203,-0.012523878,-0.014877685,0.015908529,-0.006834664,0.007349995,0.001448562,0.001447064,-0.005021963,0.004933496,0.034885603,-0.002699508,0.027642543,0.020199361,0.019136825,0.018362383,0.016120633,0.050087749,-0.005574404,-0.019382094,0.015120153,-0.005035946,-0.018673846,0.017903165,0.017221373,-0.007254803,0.01202135,0.012104735,-0.003522928,0.0,0.0,-0.00790193,0.008934305,0.008767347,0.043502615,0.02843836,-0.004858665,0.028872232,0.04394654,0.023121339,-0.02527365,-0.025605887,0.012663992,0.006951202,0.006849239,-0.041711559,0.023423153,-0.085715744,0.05700491,0.034991518,0.021456343,0.000468596,-0.008187775,-0.00835439,0.041450359,-0.023123458,0.012753915,-0.000456096,0.025417033,0.013878553,0.01185741,0.011552937,-0.004468234,0.014331083,-0.00155759,0.025696845,0.012023632,0.012127887,-0.022487683,0.02294259,0.021808256,0.016402701,0.009158065,0.011488542,-0.027228191,0.024238467,0.009335425,0.034280902,-0.007280297,-0.007409311,0.035266937,0.050627327,-0.052235145,0.027233487,0.00558418,-0.046934671,0.019815284,0.018961826,-0.01018225,-0.01384624,-0.014311271,0.011499171,0.01111698,0.010846014,0.022004166,-0.01310105,-0.001419175,-0.009007753,-0.003438549,-0.021979008,0.004957186,-0.034467037,-0.023845318,-0.055803946,0.030710782,0.027181332,-0.011114333,-0.01141476,-0.024310094,-0.001479591,-0.001485845,0.027927962,-0.01234348,0.004447414,-0.016757003,0.006528276,0.006436652,0.001861676,-0.025870751,-0.014011901,0.001888794,0.003572971,0.033752692,0.000339824,-0.016296934,-0.016946446,0.002930968,-0.006220359,-0.028996953,0.014715298,-0.005839397,0.010395843,-0.015347408,-0.01592443,0.022800845,0.043849323,0.000457664,0.019286782,0.005227694,0.005169457,0.010294283,-0.013447526,0.002454031,-0.013716781,-0.035491937,-0.007413795,0.019331444,0.018522597,-0.001494607,0.006845388,0.002362264,-0.010478785,0.009322891,0.017025412,-0.011273173,-0.001069679,-0.001073161,0.011487569,0.011070223,-0.007365261,0.002733612,-0.003414022,-0.003443709,-0.016281113,-0.008594614,-0.008775371,-0.002833805,0.007880723,0.003179268,0.020557869,0.014182272,-0.001947406,-0.006269118,-0.003103546,0.008056397,0.03358272,0.005331473,0.027741024,-0.000816081,-0.000818158,-0.013076535,0.017337181,0.016682299,-0.004914523,0.01663937,0.016035004,0.013639111,0.01405558,0.039538055,0.001282068,-0.017829069,-0.00209999,0.00204352,0.002035026,-0.010406638,-0.028733417,-0.003357327,0.013603623
20,0.0,0.0,0.0,0.0,0.0,0.0,0.0,0.0,-0.01804019,-0.018822163,0.002830967,0.001024884,-0.020166828,-0.028529434,-0.001864851,-0.001872893,-0.028336843,-0.008088813,-0.008242332,-0.021317334,-0.016442133,0.064746813,-0.043624016,0.048707039,-0.009922008,0.027401007,-0.016291589,0.016862279,0.003408476,-0.054169085,0.006047438,0.008451403,0.008290072,0.021073425,0.012001006,0.011678276,-0.009149217,-0.036516834,0.007553138,0.031756596,0.010452177,0.010206524,-0.008037758,0.005375,0.061649045,-0.014132304,0.060677021,0.039761922,0.039124281,0.035889131,-0.05045377,0.023924981,-0.025543807,0.035620697,0.01501092,0.014509371,-0.016599262,0.029737557,0.013044637,-0.007066642,0.010846933,0.002597981,-0.003177426,0.007971565,0.007827879,0.035932524,0.001925921,0.026464564,0.022204067,0.039179768,0.017737139,0.002404405,0.002391166,0.056299565,0.127310569,0.046973192,-0.030744355,0.01811742,-0.017302902,-0.001253738,-0.018434278,-0.019251568,-0.045810747,-0.043245503,0.024431166,0.060773833,0.016935025,0.016299364,0.007611607,-0.002680547,-0.002697194,0.027084722,-0.019887352,-0.040804507,-0.017760294,0.035615602,0.068556388,0.001294638,0.007853439,-0.035167077,0.005264961,0.005201898,-0.03490333,-0.074633618,-0.194836272,-0.055308624,-0.065878085,0.020373165,0.0,0.079947961,0.067493616,0.029539934,0.011795054,0.063996801,0.030676364,0.000154636,0.020902075,0.027129921,0.02553433,-0.038388165,0.03061859,0.035390242,-0.026317457,-0.032480069,-0.023185154,0.051678144,0.021708039,0.020674431,0.010124971,0.010462663,0.064929762,0.001123534,0.002626495,-0.017615634,-0.013801317,0.005516651,0.005447454,0.020064736,-0.028793019,-0.124282311,0.062166318,-0.007971146,-0.016331819,0.02692783,0.025355239,-0.005249188,-0.027030449,-0.028825141,0.016163134,-0.00224571,-0.002257383,0.038364472,-0.029281346,0.012441341,0.001373878,0.009730679,-0.023484336,-0.016627244,-0.027389585,0.01361368,-0.032692844,0.009574719,0.014583971,0.004654575,0.004605218,-0.008519767,-0.000672699,-0.000673743,0.002420598,-0.026542719,-0.002430226,0.015005097,0.005982775,0.005901476,-0.01202276,-0.018320813,0.007946597,-0.029497296,-0.003277135,-0.050311829,0.0,0.029751293,0.027843199,-0.019541163,-0.02194933,-0.044591081,-0.005445481,0.00139093,-0.005965933,-0.018014354,-0.01879404,-0.012751416,0.013363962,0.010681563,0.018989108,-0.008126879,-0.008281861,0.005115192,-0.030585347,0.026951884,-0.000295942,0.076028489,-0.021044365,0.01759311,0.01690808,-0.009334789,-0.008283571,-0.003273908,0.020088466,0.029394304,0.0278125,-0.020431814,0.007293695,0.007173222,0.033362843,-0.012834576,-0.010561922,-0.012548024,0.002796128,0.00277824,-0.015468272,-0.022811178,-0.024076073,0.02205501,-0.019684268,0.018201366,-0.024028707,0.025823153,0.024373502,-0.002065965,-0.005133476,-0.040032735,0.009657698,-0.007692562,-0.020919787,0.008489216,0.008326453,0.001481954,-0.010144809,-0.010387464,0.004457859,-0.016692315,-0.017359626,0.013173837,0.04854953,0.022684329,0.026802265,-0.001788842,0.002145728,0.032334998,0.030093454,0.007292029,0.059107089,-0.009815285,0.048795472
21,0.0,0.0,0.0,0.0,0.0,0.0,0.0,0.013679697,-0.002967373,-0.002999579,0.03522677,-0.001200262,-0.020586531,0.014158504,0.001437043,0.001437722,-0.032469768,0.027192738,0.025686089,0.002772523,0.032439343,-0.024671676,0.02141322,-0.005273372,-0.021836279,0.03691803,-0.049721415,0.034409633,0.038045844,0.03802504,0.036564161,0.024539638,0.0232862,-0.031706214,-0.03052647,-0.032934155,-0.009620841,-0.035954624,-0.009604427,0.066054785,0.017285177,0.016672097,0.024302534,-0.007469989,0.012217666,0.017044671,-0.006006144,0.014761756,0.0115966,0.01132303,-0.028099867,-0.021646091,-0.028590502,-0.033127454,-0.002448707,-0.002470597,0.015007249,-0.036975919,0.027323127,-0.02253749,0.06555396,-0.006834299,-0.01608682,0.003751291,0.003730784,0.009714667,-0.03492828,0.061545306,-0.037074425,-0.016813499,0.049077228,0.020684599,0.019798619,-0.026053365,-0.000626688,0.056811049,-0.023880843,0.030548921,0.008138173,0.04109868,0.028979543,0.02722202,0.0,-0.029188389,0.007384569,-0.033845873,0.038491939,0.035427638,0.052273283,0.064805822,0.056457764,0.088436823,-0.064791478,0.031145563,0.009425379,0.021797129,0.062817814,-0.062179071,-0.071435307,-0.013890751,0.006869538,0.006771264,-0.001946265,-0.058610217,-0.102502469,0.005843067,0.052265015,-0.030803473,0.000765277,-0.016291001,-0.016957661,0.085600607,-0.094994474,0.015056492,-0.048995681,-0.01170676,0.034505896,0.021157852,0.020212934,-0.057017357,0.029718309,-0.050026365,0.039014673,-0.030231955,0.007540842,0.154245926,0.004741075,0.004696872,0.027655493,-0.041984274,0.087545265,0.025256795,-0.030665666,-0.010262169,0.003970072,-0.0549139,-0.062976465,0.061465395,0.045255968,-0.086923305,0.01405038,-0.022376619,0.04041243,0.004474739,0.004435806,-0.001640087,-0.004965311,-0.005030494,0.060602353,0.037469687,0.034533372,0.016427434,-0.018200733,-0.009534141,-0.035234189,0.001395101,-0.041378739,-0.011835218,0.021588124,-0.009287633,-0.035971017,0.01109179,-0.013297464,0.008785758,0.008624571,-0.007558854,-0.033553266,-0.03642702,0.033329511,0.066687339,0.010324322,-0.055039324,-0.034256735,-0.037259277,0.016899185,-0.06056937,0.04802891,0.035860673,0.010057011,-0.068578841,0.000864698,-0.014857589,-0.015416304,0.010132462,0.111091585,-0.089673432,-0.01394999,0.027309378,0.008612652,-0.021356047,-0.022507341,0.009389279,-0.031294968,0.027937013,0.005026084,-0.020865065,-0.021967873,-0.023326909,-0.05182036,0.047923552,0.016209874,-0.03795498,0.031448383,0.009890236,0.009693033,0.002809324,-0.007204102,0.012053824,0.076723528,-0.031333959,-0.062271394,0.03953161,-0.018346216,-0.01920133,0.019501682,0.025488562,0.031358046,-0.030219937,0.03576317,0.033106146,-0.023572976,0.009944459,0.009740801,-0.007192572,-0.00645963,0.013903744,-0.009812572,0.01215038,-0.056610086,0.005970598,-0.037983094,0.080911505,0.021930205,-0.034058767,-0.032442399,0.027787516,0.026168909,0.032734191,0.003265759,0.003247261,-0.019073079,0.001129505,0.001128705,-0.006621102,-0.025598418,0.035990084,0.011317761,0.026928103,0.015888342,0.015703401,0.01517943,0.01567298,-0.004616689,-0.024589273,0.080411294
